Member ID,Book Title,Book Author,Book ID,Issue Date
M082,The Endless Journey,Robert Garcia,B015,10-06-2025
M095,The Endless Truth,David Miller,B036,13-05-2025
M029,The Lost Dream,Michael Williams,B018,11-03-2025
M014,The Endless Dream,David Williams,B087,11-03-2025
M065,The Lonely Shadow,Robert Smith,B078,10-06-2025
bitf24a035,The Divine Love,A.Helwa,B001,28-03-2025
A031,The Forgotten Light,Robert Rodriguez,B008,09-03-2025
A031,The Forgotten Light,Robert Rodriguez,B008,09-03-2025
A031,The Brave Dream,Michael Johnson,B003,08-04-2025
A031,The Endless Path,Laura Garcia,B001,11-11-2025
